{
  "0": [[2.4982827, -1.98222, 0.68], [2.5782827, -1.88022, 0.68]],
  "1": [[2.4982827, -1.98222, 0.68], [2.5782827, -1.88022, 0.68]],
  "2": [[2.4982827, -1.98222, 0.68], [2.5782827, -1.88022, 0.68]],
  "3": [[2.4982827, -1.98222, 0.68], [2.5782827, -1.88022, 0.68]],
  "4": [[2.4683827, -1.95082, 0.68], [2.6983827, -2.01082, 0.68]],
  "5": [[2.4883827, -1.90082, 0.68], [2.3293827, -2.05282, 0.68]],
  "6": [[2.5863827, -1.90882, 0.68], [2.4193827, -2.05282, 0.68]],
  "7": [[2.5863827, -1.90882, 0.68], [2.4193827, -2.05282, 0.68]],
  "8": [[2.5863827, -1.90882, 0.68], [2.4193827, -2.05282, 0.68]],
  "9": [[2.5863827, -1.90882, 0.68], [2.4193827, -2.05282, 0.68]]
}