{
    "observation.state": {
        "mean": [
            0.0,
            0.0,
            0.0,
            0.0,
            0.0,
            0.0,
            0.0,
            0.0,
            0.0
        ],
        "std": [
            0.0,
            0.0,
            0.0,
            0.0,
            0.0,
            0.0,
            0.0,
            0.0,
            0.0
        ],
        "min": [
            0.0,
            0.0,
            0.0,
            0.0,
            0.0,
            0.0,
            0.0,
            0.0,
            0.0
        ],
        "max": [
            0.0,
            0.0,
            0.0,
            0.0,
            0.0,
            0.0,
            0.0,
            0.0,
            0.0
        ],
        "q01": [
            0.0,
            0.0,
            0.0,
            0.0,
            0.0,
            0.0,
            0.0,
            0.0,
            0.0
        ],
        "q99": [
            0.0,
            0.0,
            0.0,
            0.0,
            0.0,
            0.0,
            0.0,
            0.0,
            0.0
        ]
    },
    "action": {
        "mean": [
            -0.0185229629278183,
            -0.04406626150012016,
            0.14169636368751526,
            -2.084954023361206,
            0.026407957077026367,
            2.100555419921875,
            1.0241636037826538,
            0.01900847628712654,
            0.01900847628712654
        ],
        "std": [
            0.025560569018125534,
            0.31574705243110657,
            0.23120151460170746,
            0.38902878761291504,
            0.1337355226278305,
            0.28273817896842957,
            0.3782961368560791,
            0.018088286742568016,
            0.018088286742568016
        ],
        "min": [
            -0.09313086420297623,
            -0.8875201940536499,
            -0.6437638401985168,
            -2.9257595539093018,
            -0.8262279033660889,
            1.374742031097412,
            -0.5246705412864685,
            0.0001224683364853263,
            0.0001224683364853263
        ],
        "max": [
            0.12283948808908463,
            0.9575243592262268,
            0.807178795337677,
            -0.7959848046302795,
            0.6314049959182739,
            3.4685652256011963,
            2.8493499755859375,
            0.04004188999533653,
            0.04004188999533653
        ],
        "q01": [
            -0.08048462867736816,
            -0.660663902759552,
            -0.38735073804855347,
            -2.8305420875549316,
            -0.36896073818206787,
            1.5437437295913696,
            0.25248783826828003,
            0.0001244383311131969,
            0.0001244383311131969
        ],
        "q99": [
            0.05420781299471855,
            0.6857187747955322,
            0.6965855360031128,
            -1.0248615741729736,
            0.4183175265789032,
            3.1839962005615234,
            2.3869833946228027,
            0.039993297308683395,
            0.039993297308683395
        ]
    },
    "timestamp": {
        "mean": [
            2.501862384115256
        ],
        "std": [
            1.7499046217409016
        ],
        "min": [
            0.0
        ],
        "max": [
            9.25
        ],
        "q01": [
            0.0
        ],
        "q99": [
            7.599999904632568
        ]
    },
    "frame_index": {
        "mean": [
            50.0372476742145
        ],
        "std": [
            34.998092417846216
        ],
        "min": [
            0
        ],
        "max": [
            185
        ],
        "q01": [
            0.0
        ],
        "q99": [
            152.0
        ]
    },
    "episode_index": {
        "mean": [
            152.1631384939442
        ],
        "std": [
            94.77697125905532
        ],
        "min": [
            0
        ],
        "max": [
            309
        ],
        "q01": [
            4.0
        ],
        "q99": [
            307.0
        ]
    },
    "index": {
        "mean": [
            14242.0
        ],
        "std": [
            8222.911203866102
        ],
        "min": [
            0
        ],
        "max": [
            28484
        ],
        "q01": [
            284.84000000000003
        ],
        "q99": [
            28199.16
        ]
    },
    "task_index": {
        "mean": [
            0.0
        ],
        "std": [
            0.0
        ],
        "min": [
            0
        ],
        "max": [
            0
        ],
        "q01": [
            0.0
        ],
        "q99": [
            0.0
        ]
    },
    "annotation.human.action.task_description": {
        "mean": [
            0.0
        ],
        "std": [
            0.0
        ],
        "min": [
            0
        ],
        "max": [
            0
        ],
        "q01": [
            0.0
        ],
        "q99": [
            0.0
        ]
    }
}