{
  "0": [[2.3523827, -1.97882, 0.64], [2.6843827, -1.94882, 0.68]],
  "1": [[2.3383827, -1.94882, 0.64], [2.6643827, -1.94882, 0.68]],
  "2": [[2.4982827, -1.98222, 0.66], [2.5782827, -1.88022, 0.66]],
  "3": [[2.4982827, -1.98222, 0.66], [2.5782827, -1.88022, 0.66]],
  "4": [[2.4982827, -1.98222, 0.66], [2.5782827, -1.88022, 0.66]],
  "5": [[2.3483827, -1.95882, 0.64], [2.7043827, -1.94882, 0.68]],
  "6": [[2.5863827, -1.90882, 0.64], [2.4193827, -2.05282, 0.64]],
  "7": [[2.4323827, -1.94882, 0.64], [2.7843827, -1.94882, 0.68]],
  "8": [[2.5863827, -1.90882, 0.64], [2.4193827, -2.05282, 0.64]],
  "9": [[2.5863827, -1.90882, 0.64], [2.4193827, -2.05282, 0.64]]
}