{
  "0": [[2.4982827, -1.98222, 0.66], [2.5782827, -1.88022, 0.66]],
  "1": [[2.4982827, -1.98222, 0.66], [2.5782827, -1.88022, 0.66]],
  "2": [[2.4982827, -1.98222, 0.66], [2.5782827, -1.88022, 0.66]],
  "3": [[2.4982827, -1.98222, 0.66], [2.5782827, -1.88022, 0.66]],
  "4": [[2.3063827, -1.98082, 0.64], [2.5843827, -1.96482, 0.64]],
  "5": [[2.4883827, -1.90082, 0.64], [2.3293827, -2.05282, 0.64]],
  "6": [[2.5863827, -1.90882, 0.64], [2.4193827, -2.05282, 0.64]],
  "7": [[2.5863827, -1.90882, 0.64], [2.4193827, -2.05282, 0.64]],
  "8": [[2.5863827, -1.90882, 0.64], [2.4193827, -2.05282, 0.64]],
  "9": [[2.5863827, -1.90882, 0.64], [2.4193827, -2.05282, 0.64]]
}