{
  "0": [2.4443827, -1.91482, 0.64],
  "1": [2.4793827, -1.88682, 0.64],
  "2": [2.4943827, -1.87682, 0.64],
  "3": [2.5243827, -1.87682, 0.64],
  "4": [2.5743827, -1.87682, 0.64],
  "5": [2.5743827, -1.91382, 0.64],
  "6": [2.5383827, -1.89682, 0.64],
  "7": [2.4883827, -1.88682, 0.64],
  "8": [2.4383827, -1.88682, 0.64],
  "9": [2.3883827, -1.93482, 0.64]
}