{
  "0": [2.6622827, -1.94822, 0.64],
  "1": [2.6622827, -1.94822, 0.64],
  "2": [2.5423827, -1.89882, 0.64],
  "3": [2.5863827, -1.89882, 0.64],
  "4": [2.6363827, -1.89882, 0.64],
  "5": [2.6363827, -1.89882, 0.64],
  "6": [2.6223827, -1.91282, 0.64],
  "7": [2.6223827, -1.91282, 0.64],
  "8": [2.5223827, -1.92882, 0.64],
  "9": [2.5223827, -1.92882, 0.64]
}