{
  "0": [[2.4852827, -1.94222, 0.66], [2.6882827, -1.90822, 0.66]],
  "1": [[2.5162827, -1.90922, 0.66], [2.6982827, -1.91822, 0.66]],
  "2": [[2.5292827, -1.88622, 0.66], [2.7082827, -1.82222, 0.66]],
  "3": [[2.5352827, -1.89622, 0.66], [2.6052827, -1.80222, 0.66]],
  "4": [[2.5312827, -1.91222, 0.66], [2.6182827, -1.88822, 0.66]],
  "5": [[2.4752827, -1.88822, 0.66], [2.6482827, -1.88822, 0.66]],
  "6": [[2.4926827, -1.95422, 0.66], [2.6182827, -1.85122, 0.66]],
  "7": [[2.4626827, -1.97122, 0.66], [2.6182827, -1.85122, 0.66]],
  "8": [[2.4626827, -1.97122, 0.66], [2.6182827, -1.85122, 0.66]],
  "9": [[2.4626827, -1.97122, 0.66], [2.6182827, -1.85122, 0.66]]
}