{
    "left": {
        "fx": 744.2516479492188,
        "fy": 748.8336181640625,
        "cx": 624.0133666992188,
        "cy": 384.68621826171875,
        "disto": [
            0.067688949406147,
            -0.0954749584197998,
            0.011084671132266521,
            -0.004798132926225662,
            0.03396313264966011,
            0.0,
            0.0,
            0.0,
            0.0,
            0.0,
            0.0,
            0.0
        ],
        "v_fov": 51.34,
        "h_fov": 81.39,
        "d_fov": 89.04
    },
    "right": {
        "fx": 744.2516479492188,
        "fy": 748.8336181640625,
        "cx": 624.0133666992188,
        "cy": 384.68621826171875,
        "disto": [
            0.067688949406147,
            -0.0954749584197998,
            0.011084671132266521,
            -0.004798132926225662,
            0.03396313264966011,
            0.0,
            0.0,
            0.0,
            0.0,
            0.0,
            0.0,
            0.0
        ],
        "v_fov": 51.34,
        "h_fov": 81.39,
        "d_fov": 89.04
    }
}