{
    "left": {
        "fx": 1125.696533,
        "fy": 1125.311768,
        "cx": 953.296387,
        "cy": 539.123413,
        "disto": [
            0.080361,
            -0.107889,
            -0.000036,
            0.000111,
            0.044817,
            0.0,
            0.0,
            0.0,
            0.0,
            0.0,
            0.0,
            0.0
        ],
        "v_fov": 51.24,
        "h_fov": 80.91,
        "d_fov": 88.75
    },
    "right": {
        "fx": 1125.696533,
        "fy": 1125.311768,
        "cx": 953.296387,
        "cy": 539.123413,
        "disto": [
            0.080361,
            -0.107889,
            -0.000036,
            0.000111,
            0.044817,
            0.0,
            0.0,
            0.0,
            0.0,
            0.0,
            0.0,
            0.0
        ],
        "v_fov": 51.24,
        "h_fov": 80.91,
        "d_fov": 88.75
    }
}