{
  "0": [[2.4963827, -1.98982, 0.64], [2.3293827, -2.05282, 0.64]],
  "1": [[2.5383827, -1.93682, 0.64], [2.3293827, -2.05282, 0.64]],
  "2": [[2.5883827, -1.90082, 0.64], [2.3293827, -2.05282, 0.64]],
  "3": [[2.5383827, -1.90082, 0.64], [2.3293827, -2.05282, 0.64]],
  "4": [[2.4883827, -1.90082, 0.64], [2.3293827, -2.05282, 0.64]],
  "5": [[2.4883827, -1.90082, 0.64], [2.3293827, -2.05282, 0.64]],
  "6": [[2.5863827, -1.90882, 0.64], [2.4193827, -2.05282, 0.64]],
  "7": [[2.5863827, -1.90882, 0.64], [2.4193827, -2.05282, 0.64]],
  "8": [[2.5863827, -1.90882, 0.64], [2.4193827, -2.05282, 0.64]],
  "9": [[2.5863827, -1.90882, 0.64], [2.4193827, -2.05282, 0.64]]
}